{"cameraMode":{"drawMode":0,"name":"Shaded","section":"Shading Mode"},"sceneLighting":false,"audioPlay":false,"sceneViewState":{"showFog":true,"showMaterialUpdate":false,"showSkybox":false,"showFlares":true,"showImageEffects":true,"showParticleSystems":true},"in2DMode":false,"pivot":{"x":-0.02842918038368225,"y":0.020107388496398927,"z":-0.1006174087524414},"rotation":{"x":-0.2309531718492508,"y":0.2762258052825928,"z":-0.06856673210859299,"w":-0.9304096102714539},"size":1.3712255954742432,"orthographic":false}