{"cameraMode":{"drawMode":0,"name":"Shaded","section":"Shading Mode"},"sceneLighting":true,"audioPlay":false,"sceneViewState":{"showFog":true,"showMaterialUpdate":false,"showSkybox":true,"showFlares":true,"showImageEffects":true,"showParticleSystems":true},"in2DMode":false,"pivot":{"x":5.525043487548828,"y":0.269773006439209,"z":10.043689727783204},"rotation":{"x":0.22922468185424806,"y":-0.22005242109298707,"z":0.05880675092339516,"w":0.9465658068656921},"size":13.972099304199219,"orthographic":false}