{"cameraMode":{"drawMode":0,"name":"Shaded","section":"Shading Mode"},"sceneLighting":false,"audioPlay":false,"sceneViewState":{"showFog":true,"showMaterialUpdate":false,"showSkybox":false,"showFlares":true,"showImageEffects":true,"showParticleSystems":true},"in2DMode":false,"pivot":{"x":8.344650268554688e-7,"y":0.8030401468276978,"z":0.0018768757581710816},"rotation":{"x":0.012870466336607933,"y":-0.9871222972869873,"z":0.11633223295211792,"w":0.1091279461979866},"size":4.101991653442383,"orthographic":false}