{"cameraMode":{"drawMode":0,"name":"Shaded","section":"Shading Mode"},"sceneLighting":true,"audioPlay":false,"sceneViewState":{"showFog":true,"showMaterialUpdate":false,"showSkybox":true,"showFlares":true,"showImageEffects":true,"showParticleSystems":true},"in2DMode":false,"pivot":{"x":1.4167366027832032,"y":2.2221901416778566,"z":3.5171403884887697},"rotation":{"x":-0.12157253921031952,"y":0.5922055244445801,"z":-0.09493916481733322,"w":-0.7911040782928467},"size":12.22611141204834,"orthographic":false}